{"cameraMode":{"drawMode":0,"name":"Shaded","section":"Shading Mode"},"sceneLighting":true,"audioPlay":false,"sceneViewState":{"showFog":true,"showMaterialUpdate":false,"showSkybox":true,"showFlares":true,"showImageEffects":true,"showParticleSystems":true},"in2DMode":false,"pivot":{"x":-3.849609375,"y":0.13801632821559907,"z":-2.320187568664551},"rotation":{"x":0.0744757428765297,"y":-0.8914260864257813,"z":0.15889696776866914,"w":0.4178118109703064},"size":9.096515655517579,"orthographic":true}