{"cameraMode":{"drawMode":0,"name":"Shaded","section":"Shading Mode"},"sceneLighting":true,"audioPlay":false,"sceneViewState":{"showFog":true,"showMaterialUpdate":false,"showSkybox":true,"showFlares":true,"showImageEffects":true,"showParticleSystems":true},"in2DMode":false,"pivot":{"x":0.12000000476837158,"y":2.9100000858306886,"z":0.06000000238418579},"rotation":{"x":-0.07438933104276657,"y":-0.912710964679718,"z":0.19253264367580415,"w":-0.3526466190814972},"size":0.8660253882408142,"orthographic":true}