{"cameraMode":{"drawMode":0,"name":"Shaded","section":"Shading Mode"},"sceneLighting":true,"audioPlay":false,"sceneViewState":{"showFog":true,"showMaterialUpdate":false,"showSkybox":true,"showFlares":true,"showImageEffects":true,"showParticleSystems":true},"in2DMode":false,"pivot":{"x":-2.7061784267425539,"y":-8.524640083312989,"z":0.31980037689208987},"rotation":{"x":0.4587825536727905,"y":0.09034854173660279,"z":-0.046958811581134799,"w":0.8826956152915955},"size":10.334120750427246,"orthographic":false}